"NOME_ESTACAO";"NOME_MUNIC";"UF";"ACETAL MED";"ACETAL DP";"BEN MED";"BEN DP";"BTEX MED";"BTEX DP";"CH MED";"CH DP";"CH4 MED";"CH4 DP";"CHO MED";"CHO DP";"CO MED";"CO DP";"COV MED";"COV DP";"DV MED";"DV DP";"ERT MED";"ERT DP";"Etil Benz MED";"Etil Benz DP";"FMC MED";"FMC DP";"FORMAL MED";"FORMAL DP";"H2S MED";"H2S DP";"HCT MED";"HCT DP";"HCnM MED";"HCnM DP";"M e P Xileno MED";"M e P Xileno DP";"MP10 MED";"MP10 DP";"MP2,5 MED";"MP2,5 DP";"NH3 MED";"NH3 DP";"NO MED";"NO DP";"NO2 MED";"NO2 DP";"NOx MED";"NOx DP";"O3 MED";"O3 DP";"Orto Xil MED";"Orto Xil DP";"PRESS MED";"PRESS DP";"PTS MED";"PTS DP";"Pb MED";"Pb DP";"RAD MED";"RAD DP";"SO2 MED";"SO2 DP";"SOx MED";"SOx DP";"TEMP MED";"TEMP DP";"TOL MED";"TOL DP";"U MED";"U DP";"UR MED";"UR DP";"VV MED";"VV DP";"XIL MED";"XIL DP"
 Barra Longa Centro;Barra Longa;MG;;;;;;;;;;;;;;;;;;;;;;;;;;;;;;;;;;;35.8378;28.8916;11.8577;52.4523;;;;;;;;;;;;;;;78.4027;73.8581;;;;;;;;;;;;;;;;;;;;
 Comunidade do Feijão;Brumadinho;MG;;;;;;;;;;;;;;;;;;;;;;;;;;;;;;;;;;;24.5816;24.5674;4.15973;7.97959;;;;;;;;;;;;;;;45.4283;46.3288;;;;;;;;;;;;;;;;;;;;
 Gesteira;Barra Longa;MG;;;;;;;;;;;;;;;;;;;;;;;;;;;;;;;;;;;18.2847;28.3255;6.59263;9.80292;;;;;;;;;;;;;;;;;;;;;;;;;;;;;;;;;;;;
 Matriz;Congonhas;MG;;;;;;;;;;;;;;;;;;;;;;;;;;;;;;;;;;;36.262;26.654;15.3318;20.0771;;;;;;;;;;;;;;;34.4048;23.4217;;;;;;;;;;;;;;;;;;;;
 Motas;Ouro Preto;MG;;;;;;;;;;;;;;;;;;;;;;;;;;;;;;;;;;;26.9772;19.7232;;;;;;;;;;;;;;;;;51.571;36.9519;;;;;;;;;;;;;;;;;;;;
 Novo Soberbo;Santa Cruz do Escalvado;MG;;;;;;;;;;;;;;;;;;;;;;;;;;;;;;;;;;;20.068;24.1608;6.92399;6.96536;;;;;;;;;;;;;;;;;;;;;;;;;;;;;;;;;;;;
 Paracatu de Baixo;Mariana;MG;;;;;;;;;;;;;;;;;;;;;;;;;;;;;;;;;;;22.9759;26.4627;10.5913;14.268;;;;;;;;;;;;;;;;;;;;;;;;;;;;;;;;;;;;
 Pires;Congonhas;MG;;;;;;;;;;;;;;;;;;;;;;;;;;;;;;;;;;;41.6687;57.3695;;;;;;;;;;;;;;;;;75.1536;60.8464;;;;;;;;;;;;;;;;;;;;
 Rio Doce;Rio Doce;MG;;;;;;;;;;;;;;;;;;;;;;;;;;;;;;;;;;;20.7175;24.236;9.93937;13.3774;;;;;;;;;;;;;;;;;;;;;;;;;;;;;;;;;;;;
 Santana do Deserto;Rio Doce;MG;;;;;;;;;;;;;;;;;;;;;;;;;;;;;;;;;;;21.9113;26.0868;6.80919;9.97184;;;;;;;;;;;;;;;;;;;;;;;;;;;;;;;;;;;;
 Volta da Capela;Barra Longa;MG;;;;;;;;;;;;;;;;;;;;;;;;;;;;;;;;;;;34.2349;38.5991;24.1862;119.415;;;;;;;;;;;;;;;61.5305;69.6604;;;;;;;;;;;;;;;;;;;;
AREIAS;Camaçari;BA;;;;;;;;;;;;;;;;;;;;;;;;;;;;;;;;;;;;;;;;;;;;;;;;;;;;;;;;;;;;;;;;;;;;;;;;;;
Aeroporto CMD;Conceição do Mato Dentro;MG;;;;;;;;;;;;;;;;;;;;;;;;;;;;;;;;;;;59.895;173.623;63.1452;225.791;;;;;;;;;;;;;;;84.5155;188.541;;;;;;;;;;;;;;;;;;;;
Alterosa;Betim;MG;;;;;;;;;;;;;0.245443;0.307573;;;;;;;;;;;;;;;;;;;;;24.8571;28.4527;59.44;189.274;;;;;;;;;;;;;;;;;;;;;;;;;;;;;;;;;;;;
Americana;Americana;SP;;;;;;;;;;;;;;;;;;;;;;;;;;;;;;;;;;;35.5866;14.56;;;;;;;;;;;27.8444;12.5563;;;;;;;;;;;;;;;;;;;;;;;;;;
Araraquara;Araraquara;SP;;;;;;;;;;;;;;;;;;;;;;;;;;;;;;;;;;;33.7037;14.3739;;;;;;;89.6667;54.9201;;;26.5261;13.7361;;;;;;;;;;;;;;;;;;;;;;;;;;
Araçatuba;Araçatuba;SP;;;;;;;;;;;;;;;;;;;;;;;;;;;;;;;;;;;28.7733;12.3619;;;;;;;;;;;21.2459;8.0409;;;;;;;;;;;;;;;;;;;;;;;;;;
Bangu;Rio de Janeiro;RJ;;;;;;;;;;;;;;;;;179.725;74.0335;;;;;;;;;;;;;;;;;37.5272;22.2412;;;;;4.12725;8.63255;23.1854;16.6034;27.5289;24.6947;41.4502;29.3577;;;1.34977;0.00587211;;;;;159.194;236.248;5.76995;3.10242;;;24.4806;6.74122;;;;;72.7893;24.7432;0.764923;1.04424;;
Basílica;Congonhas;MG;;;;;;;;;;;;;;;;;;;;;;;;;;;;;;;;;;;25.8951;61.9174;17.322;74.5653;;;3.25986;6.88934;12.8089;9.17846;16.0735;13.0771;43.0054;22.2554;;;;;39.6543;64.802;;;;;3.99418;3.74989;;;;;;;;;;;;;;
Bauru;Bauru;SP;;;;;;;;;;;;;;;;;;;;;;;;;;;;;;;;;;;26.206;12.5655;;;;;;;6.875;4.09077;;;19.4971;7.80468;;;;;;;;;;;;;;;;;;;;;;;;;;
Bom Retiro;Ipatinga;MG;;;;;;;;;;;;;0.298416;0.183218;;;;;;;;;;;;;;;;;;;;;21.2321;10.2678;53.405;200.865;;;;;;;;;;;;;;;42.4259;20.9702;;;;;;;;;;;;;;;;;;;;
CANOAS/PARQUE UNIVERSITÁRIO;Canoas;RS;;;;;;;;;;;;;2.01579;0.3859;;;;;;;;;;;;;;;;;;;;;19.0468;13.5881;;;;;;;8.04527;6.35932;;;22.4095;20.582;;;;;;;;;;;11.4908;21.5356;;;;;;;;;;;;;;
CIC;Curitiba;PR;;;;;;;;;;;;;0.340054;0.177714;;;;;;;;;;;;;;;;;;;;;19.308;11.4807;6.476;5.17438;;;;;10.497;6.06277;;;;;;;;;;;;;;;;;;;;;;;;;;;;;;
COBRE;Dias d'Ávila;BA;;;;;;;;;;;;;;;;;;;;;;;;;;;;;;;;;;;;;;;;;;;;;;;;;;;;;;;;;;;1.60562;11.0845;;;;;;;;;;;;;;
CONCÓRDIA;Dias d'Ávila;BA;;;;;;;;;;;;;;;;;173.743;78.3689;0.636348;5.66324;;;;;;;;;;;;;;;25.2512;26.9317;;;;;8.37809;24.9638;6.60404;13.843;14.4225;26.4545;;;;;;;;;;;;;1.55575;11.7419;;;;;;;;;;;1.57585;1.00507;;
CSN;Araucária;PR;;;;;;;;;;;;;1.00537;0.626412;;;;;;;;;;;;;;;;;;;;;10.0155;9.96447;;;;;;;13.6016;12.7606;;;14.221;13.5901;;;;;0.000832178;0.00908434;;;;;6.52036;20.2831;;;;;;;;;;;;;;
Campinas-Centro;Campinas;SP;;;;;;;;;;;;;2.64444;0.478681;;;;;;;;;;;;;;;;;;;;;19.2882;6.21613;;;;;;;;;;;;;;;;;;;;;;;;;;;;;;;;;;;;;;
Campinas-Taquaral;Campinas;SP;;;;;;;;;;;;;;;;;;;;;;;;;;;;;;;;;;;22.7359;9.32145;;;;;;;;;;;23.4176;10.7088;;;;;;;;;;;;;;;;;;;;;;;;;;
Campinas-V.União;Campinas;SP;;;;;;;;;;;;;;;;;;;;;;;;;;;;;;;;;;;;;28.7315;12.062;;;;;;;;;21.1344;7.48279;;;;;;;;;;;;;;;;;;;;;;;;;;
Campo Grande;Rio de Janeiro;RJ;;;;;;;;;;;;;;;;;142.325;75.664;;;;;;;;;;;;;;;;;32.9039;20.3537;;;;;8.48248;12.5871;27.7197;15.1285;36.2498;24.0992;34.8839;27.2526;;;1.35273;0.104294;;;;;133.993;210.948;9.257;4.88171;;;26.7647;3.51197;;;;;77.5727;22.6686;0.42048;0.252501;;
Capão Redondo;São Paulo;SP;;;;;;;;;;;;;;;;;;;;;;;;;;;;;;;;;;;26.3171;12.6717;;;;;;;;;;;23.6606;14.6209;;;;;;;;;;;;;;;;;;;;;;;;;;
Carapicuíba;Carapicuíba;SP;;;;;;;;;;;;;4.06977;1.30999;;;;;;;;;;;;;;;;;;;;;25.2695;13.2724;;;;;;;;;;;18.559;8.41052;;;;;;;;;;;;;;;;;;;;;;;;;;
Cariru;Ipatinga;MG;;;;;;;;;;;;;0.238347;0.268268;;;;;;;;;;;;;;;;;;;;;27.81;85.1033;13.1897;65.5641;;;;;;;;;;;;;;;33.7905;15.9659;;;;;;;;;;;;;;;;;;;;
Cascata;Ibirité;MG;;;;;;;;;;;;;0.767746;0.31442;;;;;;;;;;;;;;;;;;;;;17.7195;14.6934;18.4626;44.3744;;;;;;;;;;;;;;;;;;;;;;;;;;;;;;;;;;;;
Catanduva;Catanduva;SP;;;;;;;;;;;;;;;;;;;;;;;;;;;;;;;;;;;32.8995;14.9407;;;;;;;;;;;20.5467;8.10374;;;;;;;;;;;;;;;;;;;;;;;;;;
Cecília Meireles;Timóteo;MG;;;;;;;;;;;;;;;;;;;;;;;;;;;;;;;;;;;136.119;297.539;25.9587;90.4199;;;;;;;;;;;;;;;;;;;;;;;;;;;;;;;;;;;;
Centro Administrativo Betim;Betim;MG;;;;;;;;;;;;;0.388255;0.395763;;;;;;;;;;;;;;;;;;;;;30.4871;26.2603;22.6925;96.8754;;;;;;;;;;;;;;;;;;;;;;;;;;;;;;;;;;;;
Centro Av. do Contorno;Belo Horizonte;MG;;;;;;;;;;;;;0.385853;0.220339;;;;;;;;;;;;;;;;;;;;;19.9215;26.0953;91.4232;261.105;;;;;;;;;;;;;;;;;;;;;;;;;;;;;;;;;;;;
Centro;Rio de Janeiro;RJ;;;;;;;143.956;168.502;;;;;0.423944;0.281023;;;161.89;73.8963;;;;;;;;;;;;;;;;;41.9238;20.5404;;;;;;;;;;;33.3096;22.9271;;;1.35205;0.00591304;;;;;134.025;227.677;;;;;25.8542;4.34711;;;;;61.5755;22.7822;0.203413;0.1148;;
Centro;São José da Lapa;MG;;;;;;;;;;;;;;;;;;;;;;;;;;;;;;;;;;;111.285;214.327;67.4083;211.544;;;;;;;;;;;;;;;;;;;;;;;;;;;;;;;;;;;;
Cerqueira César;São Paulo;SP;;;;;;;;;;;;;2;1.12815;;;;;;;;;;;;;;;;;;;;;19.6692;10.5528;;;;;;;9.41743;3.97758;;;;;;;;;;;;;;;9.15152;5.37176;;;;;;;;;;;;;;
Cid.Universitária-USP-Ipen;São Paulo;SP;;;;;;;;;;;;;;;;;;;;;;;;;;;;;;;;;;;;;27.8427;13.966;;;;;;;;;25.4702;15.4828;;;;;;;;;;;;;;;;;;;;;;;;;;
Cidade Nobre;Ipatinga;MG;;;;;;;;;;;;;0.26439;0.287684;;;;;;;;;;;;;;;;;;;;;21.5559;12.8223;11.3312;28.9089;;;;;;;;;;;;;;;32.4774;16.7192;;;;;;;;;;;;;;;;;;;;
Clube do União;Paracatu;MG;;;;;;;;;;;;;;;;;;;;;;;;;;;;;;;;;;;;;;;;;;;;;;;;;;;;;72.9418;145.431;;;;;;;;;;;;;;;;;;;;
Congonhas;São Paulo;SP;;;;;;;;;;;;;3.4;0.489898;;;;;;;;;;;;;;;;;;;;;20.6084;8.84052;27.5282;12.6602;;;;;16.6605;6.44699;;;;;;;;;;;;;;;4;0;;;;;;;;;;;;;;
Copacabana;Rio de Janeiro;RJ;;;;;;;40.6022;54.0021;;;;;8.11818;3.44563;;;193.532;68.1178;;;;;;;;;;;;;;;;;37.2339;22.1447;;;;;;;;;;;26.673;16.6339;;;1.35354;0.00547629;;;;;48.6157;84.2152;;;;;25.1811;3.1151;;;;;77.6789;14.9879;0.188066;0.105434;;
Copasa;Paracatu;MG;;;;;;;;;;;;;;;;;;;;;;;;;;;;;;;;;;;24.0813;21.8836;;;;;;;;;;;;;;;;;31.4102;33.4449;;;;;;;;;;;;;;;;;;;;
Cubatão-Centro;Cubatão;SP;;;;;;;;;;;;;;;;;;;;;;;;;;;;;;;;;;;23.8408;11.5065;;;;;;;10.1915;6.05169;;;21.4928;12.5914;;;;;;;;;;;29.2758;16.2828;;;;;;;;;;;;;;
Cubatão-V.Parisi;Cubatão;SP;;;;;;;;;;;;;;;;;;;;;;;;;;;;;;;;;;;55.0368;30.1649;;;;;;;13.3333;12.2202;;;;;;;;;;;;;;;46.0766;25.4641;;;;;;;;;;;;;;
Cubatão-Vale do Mogi;Cubatão;SP;;;;;;;;;;;;;;;;;;;;;;;;;;;;;;;;;;;28.3501;11.1828;;;;;;;12.25;1.08972;;;30.7022;20.2869;;;;;;;;;;;27.5722;9.35763;;;;;;;;;;;;;;
CÂMARA;Camaçari;BA;;;;;;;;;;;;;;;;;153.134;64.7185;;;;;;;;;;;;;;;;;;;;;;;5.61012;8.33632;11.8367;9.32297;17.3264;14.5805;25.2701;15.401;;;;;;;;;;;2.73836;8.88426;;;;;;;;;;;1.66888;1.07829;;
Célvia;São José da Lapa;MG;;;;;;;;;;;;;;;;;;;;;;;;;;;;;;;;;;;50.4987;162.131;27.0355;136.838;;;;;;;;;;;;;;;;;;;;;;;;;;;;;;;;;;;;
Córregos;Conceição do Mato Dentro;MG;;;;;;;;;;;;;;;;;;;;;;;;;;;;;;;;;;;52.688;163.098;23.2857;127.499;;;;;;;;;;;;;;;42.5984;134.261;;;;;;;;;;;;;;;;;;;;
Diadema;Diadema;SP;;;;;;;;;;;;;;;;;;;;;;;;;;;;;;;;;;;21.4936;9.67059;;;;;;;;;;;21.4514;12.0044;;;;;;;;;;;;;;;;;;;;;;;;;;
ESCOLA;Dias d'Ávila;BA;;;;;;;0.0427502;0.238797;;;;;;;;;154.153;65.409;1.63543;10.0787;;;;;;;;;;;;;;;;;;;1.87437;6.21618;6.09395;8.82086;7.56769;6.69575;13.4598;10.8431;29.9264;16.9752;;;1.14379;11.5183;;;;;;;3.219;23.229;;;25.4023;3.22084;;;76.2702;13.0652;;;2.14524;1.49446;;
ESTEIO/PARQUE DE EXPOSIÇÃO;Esteio;RS;;;;;;;;;;;;;2.7028;1.38808;;;;;;;;;;;;;;;;;;;;;18.8063;14.6557;;;;;;;17.416;9.98249;;;20.4496;19.4603;;;;;;;;;;;15.0915;16.6562;;;;;;;;;;;;;;
Escola Semetinha;Timóteo;MG;;;;;;;;;;;;;;;;;;;;;;;;;;;;;;;;;;;99.9094;224.12;44.6127;166.499;;;;;;;;;;;;;;;;;;;;;;;;;;;;;;;;;;;;
Estação E.M. Pe. Vicente Assunção;Brumadinho;MG;;;;;;;;;;;;;;;;;;;;;;;;;;;;;;;;;;;10.2434;13.664;5.89869;4.63778;;;;;;;;;;;;;;;27.2581;30.9514;;;;;;;;;;;;;;;;;;;;
Estação Metereológica e Qualidade do Ar - Petrobras - UTE;Três Lagoas;MS;;;;;;;;;;;;;0.226822;0.262926;;;118.643;101.518;;;;;;;;;;;;;;;;;;;;;;;13.9204;15.5489;15.0933;14.1151;29.0137;26.2057;18.6043;29.7064;;;;;;;;;;;;;;;7.18816;29.4772;;;;;55.5657;31.7691;1.22279;0.990515;;
Estação Parque da Cachoeira;Brumadinho;MG;;;;;;;;;;;;;;;;;;;;;;;;;;;;;;;;;;;5.86201;7.85024;19.6663;17.3641;;;;;;;;;;;;;;;38.9599;43.323;;;;;;;;;;;;;;;;;;;;
Estação de Monitoramento - Eldorado Brasil Celulose S.A.;Três Lagoas;MS;;;;;;;0.225079;1.94763;;;;;0.335263;0.027477;;;147.296;85.1913;;;;;;;;;;;;;;;;;27.0635;113.305;;;;;0.00596791;0.00901515;4.72435;7.58449;7.48023;10.9613;57.6048;27.1241;;;870.158;206.273;49.7484;168.895;;;;;;;;;;;;;;;139.439;108.118;1.10826;9.59251;;
Estação de Monitoramento - Suzano TLS1-VCPTL - Três Lagoas;Três Lagoas;MS;;;;;;;0.0010877;0.028541;;;;;0.318936;0.408111;;;169.378;108.03;;;;;;;;;2.7981;2.53331;;;;;;;;;;;;;3.38538;5.6591;5.73954;7.0482;9.10413;11.6223;13.8207;9.58208;;;;;;;;;-17.5;1.45661e-13;16.8211;17.1118;;;;;;;;;;;4.80731;4.07038;;
FUNAM;Pirapora;MG;;;;;;;;;;;;;;;;;;;;;;;;;;;;;;;;;;;70.0416;148.563;;;;;;;;;;;;;;;;;;;;;;;;;;;;;;;;;;;;;;
FUTURAMA I;Dias d'Ávila;BA;;;;;;;;;;;;;;;;;;;1.0603;7.779;;;;;;;;;;;;;;;;;;;;;;;;;;;;;;;;;;;;;;;2.51355;12.6679;;;;;;;;;;;;;;
Filhinha Gama;São José da Lapa;MG;;;;;;;;;;;;;;;;;;;;;;;;;;;;;;;;;;;218.165;361.695;299.363;441.077;;;;;;;;;;;;;;;;;;;;;;;;;;;;;;;;;;;;
Félix;Itabira;MG;;;;;;;;;;;;;;;;;;;;;;;;;;;;;;;;;;;21.321;17.5368;7.34239;8.03226;;;;;;;;;;;;;;;43.0412;50.2304;;;;;;;;;;;;;;;;;;;;
GRAVATAÍ/CONDOMÍNIO JARDIM TIMBAÚVA;Gravataí;RS;;;;;;;;;;;;;;;;;;;;;;;;;;;;;;;;;;;15.8473;13.6984;;;;;;;2.94186;5.52425;;;36.8592;23.8349;;;;;;;;;;;;;;;;;;;;;;;;;;
GRAVATÁ;Camaçari;BA;;;;;;;0.0337104;0.229848;1.55587;0.498885;;;0.25605;0.191311;;;144.742;63.4041;1.1233;8.40194;;;;;;;;;1.82231;0.559522;;;;;8.46819;12.774;;;5.49389;3.49352;3.83306;13.1028;6.80899;7.71876;10.5218;18.0233;;;;;3.1581;46.3008;;;;;198.634;271.085;2.50736;10.3771;;;25.458;3.33122;;;74.2671;13.21;;;2.42264;1.35697;;
GUAÍBA/PARQUE 35;Guaíba;RS;;;;;;;;;;;;;0.889344;0.791564;;;;;;;;;;;;;;;;;;;;;24.9036;18.2844;;;;;;;13.2375;12.1113;;;26.3006;14.6014;;;;;;;;;;;1.89174;1.29477;;;;;;;;;;;;;;
Grajaú-Parelheiros;São Paulo;SP;;;;;;;;;;;;;;;;;;;;;;;;;;;;;;;;;;;31.7027;19.5642;25.7086;14.0797;;;;;;;;;17.8336;7.53963;;;;;;;;;;;;;;;;;;;;;;;;;;
Guaratinguetá;Guaratinguetá;SP;;;;;;;;;;;;;;;;;;;;;;;;;;;;;;;;;;;29.9343;9.80413;21.854;7.37552;;;;;;;;;21.3783;7.34593;;;;;;;;;;;;;;;;;;;;;;;;;;
Guarulhos-Paço Municipal;Guarulhos;SP;;;;;;;;;;;;;;;;;;;;;;;;;;;;;;;;;;;27.7678;13.1851;28.1342;14.0282;;;;;;;;;22.2036;11.0152;;;;;;;;;;;;;;;;;;;;;;;;;;
Guarulhos-Pimentas;Guarulhos;SP;;;;;;;;;;;;;;;;;;;;;;;;;;;;;;;;;;;29.1387;13.3539;34.9096;17.8387;;;;;8.29412;3.2857;;;23.8041;9.50407;;;;;;;;;;;27.7742;14.9272;;;;;;;;;;;;;;
Hospital Vital Brazil;Timóteo;MG;;;;;;;;;;;;;;;;;;;;;;;;;;;;;;;;;;;;;14.5546;6.67454;;;;;;;;;;;;;;;;;;;;;;;;;;;;;;;;;;;;
Ibirapuera;São Paulo;SP;;;;;;;;;;;;;1;0;;;;;;;;;;;;;;;;;;;;;;;31.0166;14.0974;;;;;9.2381;3.74045;;;24.8407;13.6189;;;;;;;;;;;;;;;;;;;;;;;;;;
Interlagos;São Paulo;SP;;;;;;;;;;;;;;;;;;;;;;;;;;;;;;;;;;;25.2077;12.4765;;;;;;;7;1.56347;;;21.5933;11.8119;;;;;;;;;;;;;;;;;;;;;;;;;;
Irajá;Rio de Janeiro;RJ;;;;;;;;;2.0384;0.250858;;;0.38669;0.361188;;;160.1;82.7948;;;;;;;;;;;2.32497;0.556947;0.286364;0.517533;;;40.6025;20.3701;21.2165;14.4232;;;15.555;36.5096;30.9754;21.6691;48.2496;58.583;30.0714;26.864;;;1.35254;0.00588107;;;;;163.912;255.4;5.56938;3.09832;;;25.7996;3.77242;;;;;72.799;23.0034;0.305153;0.201847;;
Itaim Paulista;São Paulo;SP;;;;;;;;;;;;;;;;;;;;;;;;;;;;;;;;;;;29.5963;14.9332;36.1319;16.6933;;;;;;;;;23.869;10.4638;;;;;;;;;;;;;;;;;;;;;;;;;;
Itaquera;São Paulo;SP;;;;;;;;;;;;;;;;;;;;;;;;;;;;;;;;;;;;;;;;;;;;;;;17.9382;11.3788;;;;;;;;;;;;;;;;;;;;;;;;;;
Jacareí;Jacareí;SP;;;;;;;;;;;;;;;;;;;;;;;;;;;;;;;;;;;23.563;12.4177;;;;;;;8.18033;31.5285;;;18.8041;19.7906;;;;;;;;;;;;;;;;;;;;;;;;;;
Jardim Encantado;São José da Lapa;MG;;;;;;;;;;;;;;;;;;;;;;;;;;;;;;;;;;;866.425;299.87;254.76;419.263;;;;;;;;;;;;;;;;;;;;;;;;;;;;;;;;;;;;
Jardim Profeta;Congonhas;MG;;;;;;;;;;;;;;;;;;;;;;;;;;;;;;;;;;;44.6328;36.1696;;;;;;;;;;;;;;;;;53.5702;43.3117;;;;;;;;;;;;;;;;;;;;
Jaú;Jaú;SP;;;;;;;;;;;;;;;;;;;;;;;;;;;;;;;;;;;25.1808;11.103;;;;;;;;;;;18.9563;6.35792;;;;;;;;;;;;;;;;;;;;;;;;;;
Jundiaí;Jundiaí;SP;;;;;;;;;;;;;;;;;;;;;;;;;;;;;;;;;;;19.4923;8.8606;25.5947;10.2815;;;;;12.0667;3.23454;;;24.6932;12.9321;;;;;;;;;;;;;;;;;;;;;;;;;;
LAMARÃO;São Sebastião do Passé;BA;;;;;;;0.035757;0.242618;;;;;;;;;169.303;82.2459;0.495361;4.51463;;;;;;;;;;;;;;;;;;;;;14.5083;76.2064;5.0306;19.0804;18.4929;78.0979;21.8268;16.7573;;;1.00875;0.00266962;;;;;148.932;209.375;1.60465;11.8407;;;24.9636;3.61003;;;78.5263;13.6619;;;1.75031;1.44078;;
LEANDRINHO;Dias d'Ávila;BA;;;;;;;;;1.61391;0.531473;;;;;;;148.536;73.9056;1.13578;3.06124;;;;;;;;;1.87259;0.62042;;;;;15.8562;11.8339;7.10341;9.99115;;;2.39511;5.99195;6.39693;3.89958;8.63133;4.48078;;;;;;;;;;;;;2.91952;19.6592;;;;;;;;;;;1.41796;1.01658;;
Lagoa Trindade Rodrigues;Paracatu;MG;;;;;;;;;;;;;;;;;;;;;;;;;;;;;;;;;;;37.6627;127.642;;;;;;;;;;;;;;;;;40.1247;96.4968;;;;;;;;;;;;;;;;;;;;
Limeira;Limeira;SP;;;;;;;;;;;;;;;;;;;;;;;;;;;;;;;;;;;37.3286;15.0262;24.3034;8.88821;;;;;9.83333;2.46419;;;24.0798;9.15064;;;;;;;;;;;;;;;;;;;;;;;;;;
Lobo Leite;Congonhas;MG;;;;;;;;;;;;;0.143829;0.338128;;;;;;;;;;;;;;;;;;;;;35.3069;34.7684;27.1043;131.244;;;;;;;;;;;;;;;78.5569;69.8138;;;;;;;;;;;;;;;;;;;;
MACHADINHO;Camaçari;BA;;;;;;;0.0311874;0.505189;;;;;0.205316;0.65653;;;151.267;59.9134;;;;;;;;;;;;;;;;;;;;;1.52172;5.34475;5.0418;6.70278;5.59981;4.58466;10.5357;8.95257;25.6254;18.81;;;1.64246;25.0127;;;;;182.962;273.709;0.753933;6.42044;;;24.5621;3.76025;;;78.8414;13.673;;;1.22798;1.06843;;
Major Lage;Itabira;MG;;;;;;;;;;;;;;;;;;;;;;;;;;;;;;;;;;;12.7189;40.0356;2.23217;37.9883;;;;;;;;;;;;;;;37.1661;38.4193;;;;;;;;;;;;;;;;;;;;
Marg.Tietê-Pte Remédios;São Paulo;SP;;;;;;;;;;;;;3;0;;;;;;;;;;;;;;;;;;;;;21.7293;12.7668;31.1306;18.0363;;;;;14.8456;5.50652;;;;;;;;;;;;;;;8.26667;17.7744;;;;;;;;;;;;;;
Marília;Marília;SP;;;;;;;;;;;;;;;;;;;;;;;;;;;;;;;;;;;28.5856;10.1321;;;;;;;;;;;21.7714;7.60873;;;;;;;;;;;;;;;;;;;;;;;;;;
Mauá;Mauá;SP;;;;;;;;;;;;;;;;;;;;;;;;;;;;;;;;;;;27.9809;13.0446;33.207;17.4679;;;;;;;;;21.7477;12.0923;;;;;;;;;;;;;;;;;;;;;;;;;;
Mooca;São Paulo;SP;;;;;;;;;;;;;1;0;;;;;;;;;;;;;;;;;;;;;;;28.0606;12.1337;;;;;;;;;23.4975;11.3323;;;;;;;;;;;;;;;;;;;;;;;;;;
N.Senhora do Ó;São Paulo;SP;;;;;;;;;;;;;;;;;;;;;;;;;;;;;;;;;;;23.0438;10.9183;;;;;;;;;;;21.5161;11.2911;;;;;;;;;;;;;;;;;;;;;;;;;;
Novo Plataforma;Congonhas;MG;;;;;;;;;;;;;;;;;;;;;;;;;;;;;;;;;;;30.5013;66.551;14.6568;75.5089;;;;;;;;;;;;;;;44.7519;64.8693;;;;;;;;;;;;;;;;;;;;
Osasco;Osasco;SP;;;;;;;;;;;;;4.5;1.5;;;;;;;;;;;;;;;;;;;;;28.9993;14.1609;35.2746;18.8807;;;;;14.5652;5.99874;;;;;;;;;;;;;;;2;0;;;;;;;;;;;;;;
PETROSIX;São Mateus do Sul;PR;;;;;;;;;;;;;0.829989;0.768234;;;;;;;;;;;;;;;;;;;;;12.7523;18.6702;;;;;;;3.8543;2.8615;;;19.2972;9.45113;;;;;19.7629;27.5165;;;;;1.21874;2.03739;;;;;;;;;;;;;;
PONTA GROSSA;Ponta Grossa;PR;;;;;;;;;;;;;;;;;;;;;;;;;;;;;;;;;;;985;6.82121e-12;;;;;;;8.35374;5.62681;;;12.8845;7.72389;;;;;464.317;472.67;;;;;;;;;;;;;;;;;;;;
PUC Barreiro;Belo Horizonte;MG;;;;;;;;;;;;;0.86119;1.26757;;;;;;;;;;;;;;;;;;;;;34.8407;99.8217;43.1636;158.836;;;;;;;;;;;;;;;;;;;;;;;;;;;;;;;;;;;;
PUC São Gabriel;Belo Horizonte;MG;;;;;;;;;;;;;1.06925;1.61505;;;;;;;;;;;;;;;;;;;;;75.5929;214.151;91.7411;272.582;;;;;;;;;;;;;;;;;;;;;;;;;;;;;;;;;;;;
Panorama;Itabira;MG;;;;;;;;;;;;;;;;;;;;;;;;;;;;;;;;;;;17.0899;30.6228;10.6535;27.9867;;;;;;;;;;;;;;;39.5933;43.1769;;;;;;;;;;;;;;;;;;;;
Parque D.Pedro II;São Paulo;SP;;;;;;;;;;;;;;;;;;;;;;;;;;;;;;;;;;;32.044;17.356;27.7813;13.4663;;;;;11.6667;2.86744;;;23.6555;11.8682;;;;;;;;;;;;;;;;;;;;;;;;;;
Pará;Itabira;MG;;;;;;;;;;;;;;;;;;;;;;;;;;;;;;;;;;;17.2958;12.3605;7.20452;4.7907;;;;;;;;;;;;;;;30.0537;29.8176;;;;;;;;;;;;;;;;;;;;
Paulínia-Sta Terezinha;Paulínia;SP;;;;;;;;;;;;;;;;;;;;;;;;;;;;;;;;;;;30.8163;12.7251;24.6233;8.71722;;;;;;;;;30.0915;21.8145;;;;;;;;;;;31.2286;31.3126;;;;;;;;;;;;;;
Paulínia;Paulínia;SP;;;;;;;;;;;;;;;;;;;;;;;;;;;;;;;;;;;24.8296;10.0195;;;;;;;;;;;25.1678;10.3641;;;;;;;;;;;10;0;;;;;;;;;;;;;;
Pedra de Guaratiba;Rio de Janeiro;RJ;;;;;;;;;;;;;;;;;157.584;92.6955;;;;;;;;;;;;;;;;;36.0016;23.3467;;;;;;;;;;;42.4192;28.3492;;;1.3519;0.0168074;;;;;145.6;223.771;;;;;26.5397;3.5198;;;;;65.1549;29.4561;0.669386;0.377065;;
Perus;São Paulo;SP;;;;;;;;;;;;;;;;;;;;;;;;;;;;;;;;;;;33.0336;13.2602;29.0455;11.6698;;;;;;;;;26.7153;15.1059;;;;;;;;;;;;;;;;;;;;;;;;;;
Petrovale;Betim;MG;;;;;;;;;;;;;0.790953;0.770633;;;;;;;;;;;;;;;;;;;;;20.2089;44.7533;35.9423;146.11;;;;;;;;;;;;;;;;;;;;;;;;;;;;;;;;;;;;
Pico do Jaraguá;São Paulo;SP;;;;;;;;;;;;;;;;;;;;;;;;;;;;;;;;;;;;;19.1909;8.28412;;;;;8.51852;3.08365;;;25.0592;13.1438;;;;;;;;;;;;;;;;;;;;;;;;;;
Pinheiros;São Paulo;SP;;;;;;;;;;;;;4.70833;2.45763;;;;;;;;;;;;;;;;;;;;;22.2981;11.257;33.174;15.417;;;;;14.0281;14.0462;;;20.1147;14.4689;;;;;;;;;;;;;;;;;;;;;;;;;;
Piracicaba;Piracicaba;SP;;;;;;;;;;;;;;;;;;;;;;;;;;;;;;;;;;;29.7454;12.5955;19.5282;8.74809;;;;;;;;;23.2337;8.25259;;;;;;;;;;;;;;;;;;;;;;;;;;
Piratininga;Ibirité;MG;;;;;;;;;;;;;0.643546;0.414076;;;;;;;;;;;;;;;;;;;;;29.6689;52.0294;20.9837;93.9111;;;;;;;;;;;;;;;;;;;;;;;;;;;;;;;;;;;;
Presidente Prudente;Presidente Prudente;SP;;;;;;;;;;;;;;;;;;;;;;;;;;;;;;;;;;;26.5416;10.354;;;;;;;13.8095;7.5946;;;19.3786;6.62939;;;;;;;;;;;;;;;;;;;;;;;;;;
RAMQAr 1 - Laranjeiras;Serra;ES;;;;;;;;;;;;;1.27793;0.444145;;;;;;;;;;;;;;;;;;;;;;;;;;;;;3.90421;2.24116;;;15.0605;7.17675;;;;;;;;;;;;;;;;;;;;;;;;;;
RAMQAr 2 - Carapina;Serra;ES;;;;;;;;;;;;;;;;;;;;;;;;;;;;;;;;;;;15.3086;5.52942;;;;;;;;;;;;;;;;;;;;;;;;;;;;;;;;;;;;;;
RAMQAr 3 - Jardim Camburi;Vitória;ES;;;;;;;;;;;;;;;;;;;;;;;;;;;;;;;;;;;;;;;;;;;3.49306;2.00882;;;;;;;;;;;;;;;5.04417;5.29502;;;;;;;;;;;;;;
RAMQAr 4 - Enseada do Suá;Vitória;ES;;;;;;;;;;;;;;;;;;;;;;;;;;;;;;;;;;;13.6999;5.04606;;;;;;;4.21325;3.31912;;;17.8332;6.63495;;;;;;;;;;;7.79222;6.83577;;;;;;;;;;;;;;
RAMQAr 5 - Vitória - Centro;Vitória;ES;;;;;;;;;;;;;2.02263;0.948256;;;;;;;;;;;;;;;;;;;;;15.1701;6.56638;;;;;;;;;;;;;;;;;;;;;;;7.54493;4.87912;;;;;;;;;;;;;;
RAMQAr 6 - Vila Velha - IBES;Vila Velha;ES;;;;;;;;;;;;;1.49659;0.559493;;;;;;;;;;;;;;;;;;;;;16.2056;5.43689;;;;;;;3.18966;2.28657;;;17.495;7.38012;;;;;;;;;;;8.87255;6.41238;;;;;;;;;;;;;;
RAMQAr 8 - Vila Capixaba;Cariacica;ES;;;;;;;;;;;;;1.38322;0.604966;;;;;;;;;;;;;;;;;;;;;;;;;;;;;4.84503;2.64883;;;;;;;;;;;;;;;;;;;;;;;;;;;;;;
RAMQAr 9 - Cidade Continental;Serra;ES;;;;;;;;;;;;;;;;;;;;;;;;;;;;;;;;;;;;;;;;;;;1.55831;1.25214;;;;;;;;;;;;;;;2.86414;9.60724;;;;;;;;;;;;;;
REPAR;Araucária;PR;;;;;;;;;;;;;0.838323;0.319991;;;;;;;;;;;;;;;;;;;;;11.3907;10.5604;10.5711;10.1825;;;;;8.65727;7.8851;;;32.9065;13.9767;;;;;;;;;;;3.39001;9.09193;;;;;;;;;;;;;;
RIO GRANDE/MOVEL;Rio Grande;RS;;;;;;;;;;;;;1.71045;0.621674;;;;;;;;;;;;;;;;;;;;;30.0227;29.0978;;;;;;;11.5723;7.99679;;;43.5367;22.2779;;;;;;;;;;;17.4765;9.18553;;;;;;;;;;;;;;
Ribeirão Preto;Ribeirão Preto;SP;;;;;;;;;;;;;;;;;;;;;;;;;;;;;;;;;;;38.548;18.1849;31.4897;17.8375;;;;;;;;;23.7875;7.64114;;;;;;;;;;;;;;;;;;;;;;;;;;
Rio Claro-Jd.Guanabara;Rio Claro;SP;;;;;;;;;;;;;;;;;;;;;;;;;;;;;;;;;;;41.9082;19.5828;25.1001;11.5062;;;;;;;;;23.9852;9.12816;;;;;;;;;;;;;;;;;;;;;;;;;;
S.André-Capuava;Santo André;SP;;;;;;;;;;;;;;;;;;;;;;;;;;;;;;;;;;;27.0271;12.0583;;;;;;;21.5;7.5;;;22.3248;13.4886;;;;;;;;;;;16.6538;3.95755;;;;;;;;;;;;;;
S.Bernardo-Centro;São Bernardo do Campo;SP;;;;;;;;;;;;;;;;;;;;;;;;;;;;;;;;;;;;;26.5112;11.5365;;;;;12.375;3.03881;;;23.9526;15.1123;;;;;;;;;;;;;;;;;;;;;;;;;;
S.Bernardo-Paulicéia;São Bernardo do Campo;SP;;;;;;;;;;;;;;;;;;;;;;;;;;;;;;;;;;;19.8618;10.9009;;;;;;;;;;;;;;;;;;;;;;;;;;;;;;;;;;;;;;
S.José Campos-Jd.Satelite;São José dos Campos;SP;;;;;;;;;;;;;;;;;;;;;;;;;;;;;;;;;;;23.4109;8.04111;25.314;10.1582;;;;;6.26389;2.24223;;;19.8956;7.86699;;;;;;;;;;;;;;;;;;;;;;;;;;
S.José Campos;São José dos Campos;SP;;;;;;;;;;;;;;;;;;;;;;;;;;;;;;;;;;;21.017;8.21663;;;;;;;3.01695;2.52775;;;21.6949;8.06177;;;;;;;;;;;21.6154;14.2642;;;;;;;;;;;;;;
SAAE;Pirapora;MG;;;;;;;;;;;;;;;;;;;;;;;;;;;;;;;;;;;64.9102;126.704;;;;;;;;;;;;;;;;;;;;;;;;;;;;;;;;;;;;;;
SENAC Vale do Aço;Coronel Fabriciano;MG;;;;;;;;;;;;;;;;;;;;;;;;;;;;;;;;;;;63.9982;168.06;34.0343;137.335;;;;;;;;;;;;;;;;;;;;;;;;;;;;;;;;;;;;
SENAI/CFP;Timóteo;MG;;;;;;;;;;;;;;;;;;;;;;;;;;;;;;;;;;;46.4982;132.307;;;;;;;;;;;;;;;;;62.4734;115.406;;;;;;;;;;;;;;;;;;;;
Santa Gertrudes;Santa Gertrudes;SP;;;;;;;;;;;;;;;;;;;;;;;;;;;;;;;;;;;44.5617;22.0948;36.1686;14.4842;;;;;;;;;;;;;;;;;;;;;;;;;;;;;;;;;;;;
Santana;São Paulo;SP;;;;;;;;;;;;;;;;;;;;;;;;;;;;;;;;;;;;;28.147;13.7925;;;;;;;;;19.7686;10.3438;;;;;;;;;;;;;;;;;;;;;;;;;;
Santo Amaro;Santo André;SP;;;;;;;;;;;;;3.21429;1.52027;;;;;;;;;;;;;;;;;;;;;20.1635;10.6029;;;;;;;;;;;20.8501;10.7433;;;;;;;;;;;;;;;;;;;;;;;;;;
Santos-Ponta da Praia;Santos;SP;;;;;;;;;;;;;;;;;;;;;;;;;;;;;;;;;;;24.731;12.1234;20.1768;8.95732;;;;;10.2297;2.03049;;;18.7438;7.96952;;;;;;;;;;;21.4633;3.00474;;;;;;;;;;;;;;
Santos;Santos;SP;;;;;;;;;;;;;;;;;;;;;;;;;;;;;;;;;;;19.2234;8.29965;;;;;;;;;;;16.01;5.93497;;;;;;;;;;;;;;;;;;;;;;;;;;
Sapo;Conceição do Mato Dentro;MG;;;;;;;;;;;;;;;;;;;;;;;;;;;;;;;;;;;34.644;122.165;40.7878;168.59;;;;;;;;;;;;;;;72.9045;201.584;;;;;;;;;;;;;;;;;;;;
Sorocaba;Sorocaba;SP;;;;;;;;;;;;;;;;;;;;;;;;;;;;;;;;;;;22.1934;9.58288;;;;;;;9.55556;1.49897;;;17.7857;5.69727;;;;;;;;;;;;;;;;;;;;;;;;;;
São Caetano do Sul;São Caetano do Sul;SP;;;;;;;;;;;;;1.8125;1.1302;;;;;;;;;;;;;;;;;;;;;23.1064;10.9318;28.7799;13.0212;;;;;38.3077;32.1089;;;22.4333;11.282;;;;;;;;;;;;;;;;;;;;;;;;;;
São Cristóvão;Rio de Janeiro;RJ;;;;;;;71.6145;88.3611;;;;;;;;;195.29;68.5251;;;;;;;;;;;;;;;;;36.4941;25.08;;;;;;;;;;;24.9376;22.8461;;;1.35117;0.00561978;;;;;118.879;191.61;;;;;19.3821;12.172;;;;;27.9345;35.1548;0.237134;0.165864;;
São Domingos;Paracatu;MG;;;;;;;;;;;;;;;;;;;;;;;;;;;;;;;;;;;;;;;;;;;;;;;;;;;;;64.8674;168.387;;;;;;;;;;;;;;;;;;;;
São José do Rio Preto;São José do Rio Preto;SP;;;;;;;;;;;;;;;;;;;;;;;;;;;;;;;;;;;34.2039;14.8711;25.796;18.2943;;;;;9.5;3.5;;;23.6231;12.6889;;;;;;;;;;;;;;;;;;;;;;;;;;
Sérgio Ulhoa;Paracatu;MG;;;;;;;;;;;;;;;;;;;;;;;;;;;;;;;;;;;58.2732;164.569;64.2355;216.455;;;;;;;;;;;;;;;;;;;;;;;;;;;;;;;;;;;;
TRIUNFO/POLO PETROQUÍMICO/MÓVEL;Triunfo;RS;;;;;;;;;;;;;0.0599587;0.0873427;;;;;;;;;;;;;;;;;;;;;37.908;12.1873;;;;;;;7.05522;5.62444;;;13.5296;9.88969;;;;;;;;;;;0.646567;0.857845;;;;;;;;;;;;;;
Taboão da Serra;Taboão da Serra;SP;;;;;;;;;;;;;4.37607;3.18578;;;;;;;;;;;;;;;;;;;;;22.2076;13.5449;;;;;;;;;;;;;;;;;;;;;;;;;;;;;;;;;;;;;;
Tatuí;Tatuí;SP;;;;;;;;;;;;;;;;;;;;;;;;;;;;;;;;;;;25.6133;12.0819;;;;;;;;;;;19.1829;7.34009;;;;;;;;;;;;;;;;;;;;;;;;;;
Taubaté;Taubaté;SP;;;;;;;;;;;;;;;;;;;;;;;;;;;;;;;;;;;24.9904;9.73122;19.906;8.39708;;;;;15.625;5.02338;;;21.6387;9.58506;;;;;;;;;;;;;;;;;;;;;;;;;;
Tijuca;Rio de Janeiro;RJ;;;;;;;107.103;217.385;;;;;0.851778;14.7053;;;205.818;69.0266;;;;;;;;;;;;;;;;;28.2262;17.7759;;;;;12.293;12.9946;35.9686;26.4003;47.9678;33.6061;32.7672;25.1031;;;1.35076;0.00540452;;;;;148.676;246.659;-9.999;3.55271e-15;;;28.1135;5.58052;;;;;64.6862;20.9263;0.153705;0.101019;;
Veneza;Ipatinga;MG;;;;;;;;;;;;;0.33168;0.275647;;;;;;;;;;;;;;;;;;;;;24.5386;15.5938;14.5779;62.6794;;;;;;;;;;;;;;;46.0014;27.509;;;;;;;;;;;;;;;;;;;;
