NOME_ESTACAO;CH_MED;CH_DP;CH4_MED;CH4_DP;CO_MED;CO_DP;DV_MED;DV_DP;ERT_MED;ERT_DP;H2S_MED;H2S_DP;HCT_MED;HCT_DP;HCNM_MED;HCNM_DP;IQAR_MED;IQAR_DP;MP10_MED;MP10_DP;MP2.5_MED;MP2.5_DP;NH3_MED;NH3_DP;NO_MED;NO_DP;NO2_MED;NO2_DP;NOX_MED;NOX_DP;O3_MED;O3_DP;PRESS_MED;PRESS_DP;PTS_MED;PTS_DP;RAD_MED;RAD_DP;SO2_MED;SO2_DP;TEMP_MED;TEMP_DP;U_MED;U_DP;UR_MED;UR_DP;VV_MED;VV_DP
BARRA LONGA CENTRO;;;;;;;;;;;;;;;;;22.5995;23.6924;35.8378;28.8916;11.8577;52.4523;;;;;;;;;;;;;78.4027;73.8581;;;;;;;;;;;;
COMUNIDADE DO FEIJÃO;;;;;;;;;;;;;;;;;12.9287;16.2627;24.5816;24.5674;4.15973;7.97959;;;;;;;;;;;;;45.4283;46.3288;;;;;;;;;;;;
GESTEIRA;;;;;;;;;;;;;;;;;12.7651;8.61822;18.2847;28.3255;6.59263;9.80292;;;;;;;;;;;;;;;;;;;;;;;;;;
MATRIZ;;;;;;;;;;;;;;;;;16.6003;11.652;36.262;26.654;15.3318;20.0771;;;;;;;;;;;;;34.4048;23.4217;;;;;;;;;;;;
MOTAS;;;;;;;;;;;;;;;;;28.3387;19.4522;26.9772;19.7232;;;;;;;;;;;;;;;51.571;36.9519;;;;;;;;;;;;
NOVO SOBERBO;;;;;;;;;;;;;;;;;9.6338;11.4976;20.068;24.1608;6.92399;6.96536;;;;;;;;;;;;;;;;;;;;;;;;;;
PARACATU DE BAIXO;;;;;;;;;;;;;;;;;16.8327;17.4626;22.9759;26.4627;10.5913;14.268;;;;;;;;;;;;;;;;;;;;;;;;;;
PIRES;;;;;;;;;;;;;;;;;39.8748;30.7188;41.6687;57.3695;;;;;;;;;;;;;;;75.1536;60.8464;;;;;;;;;;;;
RIO DOCE;;;;;;;;;;;;;;;;;14.6061;11.3756;20.7175;24.236;9.93937;13.3774;;;;;;;;;;;;;;;;;;;;;;;;;;
SANTANA DO DESERTO;;;;;;;;;;;;;;;;;11.8437;9.84627;21.9113;26.0868;6.80919;9.97184;;;;;;;;;;;;;;;;;;;;;;;;;;
VOLTA DA CAPELA;;;;;;;;;;;;;;;;;23.1312;26.7728;34.2349;38.5991;24.1862;119.415;;;;;;;;;;;;;61.5305;69.6604;;;;;;;;;;;;
AREIAS;;;;;;;;;;;;;;;;;;;;;;;;;;;;;;;;;;;;;;;;;;;;;;;;
AEROPORTO CMD;;;;;;;;;;;;;;;;;19.7157;20.9693;59.895;173.623;63.1452;225.791;;;;;;;;;;;;;84.5155;188.541;;;;;;;;;;;;
ALTEROSA;;;;;0.245443;0.307573;;;;;;;;;;;11.7182;14.2687;24.8571;28.4527;59.44;189.274;;;;;;;;;;;;;;;;;;;;;;;;;;
AMERICANA;;;;;;;;;;;;;;;;;31.1228;13.975;35.5866;14.56;;;;;;;;;;;27.8444;12.5563;;;;;;;;;;;;;;;;
ARARAQUARA;;;;;;;;;;;;;;;;;30.5615;14.6306;33.7037;14.3739;;;;;;;89.6667;54.9201;;;26.5261;13.7361;;;;;;;;;;;;;;;;
ARAÇATUBA;;;;;;;;;;;;;;;;;25.1905;11.1798;28.7733;12.3619;;;;;;;;;;;21.2459;8.0409;;;;;;;;;;;;;;;;
BANGU;;;;;;;179.725;74.0335;;;;;;;;;27.9393;25.1956;37.5272;22.2412;;;;;4.12725;8.63255;23.1854;16.6034;27.5289;24.6947;41.4502;29.3577;1.34977;0.00587211;;;159.194;236.248;5.76995;3.10242;24.4806;6.74122;;;72.7893;24.7432;0.764923;1.04424
BASÍLICA;;;;;;;;;;;;;;;;;18.7875;18.6805;25.8951;61.9174;17.322;74.5653;;;3.25986;6.88934;12.8089;9.17846;16.0735;13.0771;43.0054;22.2554;;;39.6543;64.802;;;3.99418;3.74989;;;;;;;;
BAURU;;;;;;;;;;;;;;;;;22.895;11.0502;26.206;12.5655;;;;;;;6.875;4.09077;;;19.4971;7.80468;;;;;;;;;;;;;;;;
BOM RETIRO;;;;;0.298416;0.183218;;;;;;;;;;;10.5319;11.8668;21.2321;10.2678;53.405;200.865;;;;;;;;;;;;;42.4259;20.9702;;;;;;;;;;;;
CANOAS/PARQUE UNIVERSITÁRIO;;;;;2.01579;0.3859;;;;;;;;;;;13.4362;16.2318;19.0468;13.5881;;;;;;;8.04527;6.35932;;;22.4095;20.582;;;;;;;11.4908;21.5356;;;;;;;;
CIC;;;;;0.340054;0.177714;;;;;;;;;;;10.9549;10.8398;19.308;11.4807;6.476;5.17438;;;;;10.497;6.06277;;;;;;;;;;;;;;;;;;;;
COBRE;;;;;;;;;;;;;;;;;1.94715;12.132;;;;;;;;;;;;;;;;;;;;;1.60562;11.0845;;;;;;;;
CONCÓRDIA;;;;;;;173.743;78.3689;0.636348;5.66324;;;;;;;12.8473;22.2092;25.2512;26.9317;;;;;8.37809;24.9638;6.60404;13.843;14.4225;26.4545;;;;;;;;;1.55575;11.7419;;;;;;;1.57585;1.00507
CSN;;;;;1.00537;0.626412;;;;;;;;;;;11.0573;16.0503;10.0155;9.96447;;;;;;;13.6016;12.7606;;;14.221;13.5901;;;0.000832178;0.00908434;;;6.52036;20.2831;;;;;;;;
CAMPINAS-CENTRO;;;;;2.64444;0.478681;;;;;;;;;;;19.188;6.32979;19.2882;6.21613;;;;;;;;;;;;;;;;;;;;;;;;;;;;
CAMPINAS-TAQUARAL;;;;;;;;;;;;;;;;;23.1258;10.1438;22.7359;9.32145;;;;;;;;;;;23.4176;10.7088;;;;;;;;;;;;;;;;
CAMPINAS-V.UNIÃO;;;;;;;;;;;;;;;;;26.0302;11.2647;;;28.7315;12.062;;;;;;;;;21.1344;7.48279;;;;;;;;;;;;;;;;
CAMPO GRANDE;;;;;;;142.325;75.664;;;;;;;;;28.2124;21.5795;32.9039;20.3537;;;;;8.48248;12.5871;27.7197;15.1285;36.2498;24.0992;34.8839;27.2526;1.35273;0.104294;;;133.993;210.948;9.257;4.88171;26.7647;3.51197;;;77.5727;22.6686;0.42048;0.252501
CAPÃO REDONDO;;;;;;;;;;;;;;;;;24.7533;13.9139;26.3171;12.6717;;;;;;;;;;;23.6606;14.6209;;;;;;;;;;;;;;;;
CARAPICUÍBA;;;;;4.06977;1.30999;;;;;;;;;;;22.4511;12.1721;25.2695;13.2724;;;;;;;;;;;18.559;8.41052;;;;;;;;;;;;;;;;
CARIRU;;;;;0.238347;0.268268;;;;;;;;;;;9.34986;11.4731;27.81;85.1033;13.1897;65.5641;;;;;;;;;;;;;33.7905;15.9659;;;;;;;;;;;;
CASCATA;;;;;0.767746;0.31442;;;;;;;;;;;10.2;13.3564;17.7195;14.6934;18.4626;44.3744;;;;;;;;;;;;;;;;;;;;;;;;;;
CATANDUVA;;;;;;;;;;;;;;;;;28.6009;14.2485;32.8995;14.9407;;;;;;;;;;;20.5467;8.10374;;;;;;;;;;;;;;;;
CECÍLIA MEIRELES;;;;;;;;;;;;;;;;;22.6801;16.1475;136.119;297.539;25.9587;90.4199;;;;;;;;;;;;;;;;;;;;;;;;;;
CENTRO ADMINISTRATIVO BETIM;;;;;0.388255;0.395763;;;;;;;;;;;14.8121;20.7371;30.4871;26.2603;22.6925;96.8754;;;;;;;;;;;;;;;;;;;;;;;;;;
CENTRO AV. DO CONTORNO;;;;;0.385853;0.220339;;;;;;;;;;;11.4908;19.081;19.9215;26.0953;91.4232;261.105;;;;;;;;;;;;;;;;;;;;;;;;;;
CENTRO;143.956;168.502;;;0.423944;0.281023;161.89;73.8963;;;;;;;;;25.1194;25.2239;41.9238;20.5404;;;;;;;;;;;33.3096;22.9271;1.35205;0.00591304;;;134.025;227.677;;;25.8542;4.34711;;;61.5755;22.7822;0.203413;0.1148
CENTRO;;;;;;;;;;;;;;;;;39.6958;34.048;111.285;214.327;67.4083;211.544;;;;;;;;;;;;;;;;;;;;;;;;;;
CERQUEIRA CÉSAR;;;;;2.0;1.12815;;;;;;;;;;;19.2866;10.5784;19.6692;10.5528;;;;;;;9.41743;3.97758;;;;;;;;;;;9.15152;5.37176;;;;;;;;
CID.UNIVERSITÁRIA-USP-IPEN;;;;;;;;;;;;;;;;;26.8058;14.697;;;27.8427;13.966;;;;;;;;;25.4702;15.4828;;;;;;;;;;;;;;;;
CIDADE NOBRE;;;;;0.26439;0.287684;;;;;;;;;;;10.1287;11.6563;21.5559;12.8223;11.3312;28.9089;;;;;;;;;;;;;32.4774;16.7192;;;;;;;;;;;;
CLUBE DO UNIÃO;;;;;;;;;;;;;;;;;;;;;;;;;;;;;;;;;;;72.9418;145.431;;;;;;;;;;;;
CONGONHAS;;;;;3.4;0.489898;;;;;;;;;;;25.7326;12.3798;20.6084;8.84052;27.5282;12.6602;;;;;16.6605;6.44699;;;;;;;;;;;4.0;0.0;;;;;;;;
COPACABANA;40.6022;54.0021;;;8.11818;3.44563;193.532;68.1178;;;;;;;;;29.9616;18.2247;37.2339;22.1447;;;;;;;;;;;26.673;16.6339;1.35354;0.00547629;;;48.6157;84.2152;;;25.1811;3.1151;;;77.6789;14.9879;0.188066;0.105434
COPASA;;;;;;;;;;;;;;;;;29.5836;23.5138;24.0813;21.8836;;;;;;;;;;;;;;;31.4102;33.4449;;;;;;;;;;;;
CUBATÃO-CENTRO;;;;;;;;;;;;;;;;;24.8105;13.2932;23.8408;11.5065;;;;;;;10.1915;6.05169;;;21.4928;12.5914;;;;;;;29.2758;16.2828;;;;;;;;
CUBATÃO-V.PARISI;;;;;;;;;;;;;;;;;54.5507;30.1445;55.0368;30.1649;;;;;;;13.3333;12.2202;;;;;;;;;;;46.0766;25.4641;;;;;;;;
CUBATÃO-VALE DO MOGI;;;;;;;;;;;;;;;;;28.2929;11.5277;28.3501;11.1828;;;;;;;12.25;1.08972;;;30.7022;20.2869;;;;;;;27.5722;9.35763;;;;;;;;
CÂMARA;;;;;;;153.134;64.7185;;;;;;;;;13.4787;14.8695;;;;;;;5.61012;8.33632;11.8367;9.32297;17.3264;14.5805;25.2701;15.401;;;;;;;2.73836;8.88426;;;;;;;1.66888;1.07829
CÉLVIA;;;;;;;;;;;;;;;;;15.4257;15.532;50.4987;162.131;27.0355;136.838;;;;;;;;;;;;;;;;;;;;;;;;;;
CÓRREGOS;;;;;;;;;;;;;;;;;9.42522;14.4594;52.688;163.098;23.2857;127.499;;;;;;;;;;;;;42.5984;134.261;;;;;;;;;;;;
DIADEMA;;;;;;;;;;;;;;;;;21.478;10.593;21.4936;9.67059;;;;;;;;;;;21.4514;12.0044;;;;;;;;;;;;;;;;
ESCOLA;0.0427502;0.238797;;;;;154.153;65.409;1.63543;10.0787;;;;;;;14.3804;20.9291;;;;;1.87437;6.21618;6.09395;8.82086;7.56769;6.69575;13.4598;10.8431;29.9264;16.9752;1.14379;11.5183;;;;;3.219;23.229;25.4023;3.22084;76.2702;13.0652;;;2.14524;1.49446
ESTEIO/PARQUE DE EXPOSIÇÃO;;;;;2.7028;1.38808;;;;;;;;;;;15.5044;16.7879;18.8063;14.6557;;;;;;;17.416;9.98249;;;20.4496;19.4603;;;;;;;15.0915;16.6562;;;;;;;;
ESCOLA SEMETINHA;;;;;;;;;;;;;;;;;30.1918;31.2786;99.9094;224.12;44.6127;166.499;;;;;;;;;;;;;;;;;;;;;;;;;;
ESTAÇÃO E.M. PE. VICENTE ASSUNÇÃO;;;;;;;;;;;;;;;;;8.11344;10.2313;10.2434;13.664;5.89869;4.63778;;;;;;;;;;;;;27.2581;30.9514;;;;;;;;;;;;
ESTAÇÃO METEREOLÓGICA E QUALIDADE DO AR - PETROBRAS - UTE;;;;;0.226822;0.262926;118.643;101.518;;;;;;;;;13.8706;19.1136;;;;;;;13.9204;15.5489;15.0933;14.1151;29.0137;26.2057;18.6043;29.7064;;;;;;;;;7.18816;29.4772;;;55.5657;31.7691;1.22279;0.990515
ESTAÇÃO PARQUE DA CACHOEIRA;;;;;;;;;;;;;;;;;7.35784;4.23125;5.86201;7.85024;19.6663;17.3641;;;;;;;;;;;;;38.9599;43.323;;;;;;;;;;;;
ESTAÇÃO DE MONITORAMENTO - ELDORADO BRASIL CELULOSE S.A.;0.224999;1.94729;;;0.335263;0.027477;147.296;85.1913;;;;;;;;;18.4824;39.8909;27.0635;113.305;;;;;0.00596791;0.00901515;4.72435;7.58449;7.48023;10.9613;57.6048;27.1241;870.158;206.273;49.7484;168.895;;;;;;;;;139.439;108.118;1.10826;9.59251
ESTAÇÃO DE MONITORAMENTO - SUZANO TLS1-VCPTL - TRÊS LAGOAS;0.0010877;0.028541;;;0.318936;0.408111;169.378;108.03;;;2.7981;2.53331;;;;;10.074;12.2488;;;;;;;3.38538;5.6591;5.73954;7.0482;9.10413;11.6223;13.8207;9.58208;;;;;-17.5;1.45661e-13;16.8211;17.1118;;;;;;;4.80731;4.07038
FUNAM;;;;;;;;;;;;;;;;;47.8703;35.2131;70.0416;148.563;;;;;;;;;;;;;;;;;;;;;;;;;;;;
FUTURAMA I;;;;;;;;;1.0603;7.779;;;;;;;2.55595;12.7714;;;;;;;;;;;;;;;;;;;;;2.51355;12.6679;;;;;;;;
FILHINHA GAMA;;;;;;;;;;;;;;;;;27.5674;22.2432;218.165;361.695;299.363;441.077;;;;;;;;;;;;;;;;;;;;;;;;;;
FÉLIX;;;;;;;;;;;;;;;;;15.2426;15.445;21.321;17.5368;7.34239;8.03226;;;;;;;;;;;;;43.0412;50.2304;;;;;;;;;;;;
GRAVATAÍ/CONDOMÍNIO JARDIM TIMBAÚVA;;;;;;;;;;;;;;;;;33.1958;24.362;15.8473;13.6984;;;;;;;2.94186;5.52425;;;36.8592;23.8349;;;;;;;;;;;;;;;;
GRAVATÁ;0.0337104;0.229848;1.55587;0.498885;0.25605;0.191311;144.742;63.4041;1.1233;8.40194;;;1.82231;0.559522;;;4.58083;9.70055;8.46819;12.774;;;5.49389;3.49352;3.83306;13.1028;6.80899;7.71876;10.5218;18.0233;;;3.1581;46.3008;;;198.634;271.085;2.50736;10.3771;25.458;3.33122;74.2671;13.21;;;2.42264;1.35697
GUAÍBA/PARQUE 35;;;;;0.889344;0.791564;;;;;;;;;;;13.5567;16.4592;24.9036;18.2844;;;;;;;13.2375;12.1113;;;26.3006;14.6014;;;;;;;1.89174;1.29477;;;;;;;;
GRAJAÚ-PARELHEIROS;;;;;;;;;;;;;;;;;27.2422;17.4027;31.7027;19.5642;25.7086;14.0797;;;;;;;;;17.8336;7.53963;;;;;;;;;;;;;;;;
GUARATINGUETÁ;;;;;;;;;;;;;;;;;22.122;7.76703;29.9343;9.80413;21.854;7.37552;;;;;;;;;21.3783;7.34593;;;;;;;;;;;;;;;;
GUARULHOS-PAÇO MUNICIPAL;;;;;;;;;;;;;;;;;26.733;13.4943;27.7678;13.1851;28.1342;14.0282;;;;;;;;;22.2036;11.0152;;;;;;;;;;;;;;;;
GUARULHOS-PIMENTAS;;;;;;;;;;;;;;;;;28.4301;14.3241;29.1387;13.3539;34.9096;17.8387;;;;;8.29412;3.2857;;;23.8041;9.50407;;;;;;;27.7742;14.9272;;;;;;;;
HOSPITAL VITAL BRAZIL;;;;;;;;;;;;;;;;;14.7983;6.61049;;;14.5546;6.67454;;;;;;;;;;;;;;;;;;;;;;;;;;
IBIRAPUERA;;;;;1.0;0.0;;;;;;;;;;;28.0945;14.235;;;31.0166;14.0974;;;;;9.2381;3.74045;;;24.8407;13.6189;;;;;;;;;;;;;;;;
INTERLAGOS;;;;;;;;;;;;;;;;;23.3756;12.2885;25.2077;12.4765;;;;;;;7.0;1.56347;;;21.5933;11.8119;;;;;;;;;;;;;;;;
IRAJÁ;;;2.0384;0.250858;0.38669;0.361188;160.1;82.7948;;;;;2.32497;0.556947;0.286364;0.517533;25.2771;22.6723;40.6025;20.3701;21.2165;14.4232;;;15.555;36.5096;30.9754;21.6691;48.2496;58.583;30.0714;26.864;1.35254;0.00588107;;;163.912;255.4;5.56938;3.09832;25.7996;3.77242;;;72.799;23.0034;0.305153;0.201847
ITAIM PAULISTA;;;;;;;;;;;;;;;;;29.1624;14.8034;29.5963;14.9332;36.1319;16.6933;;;;;;;;;23.869;10.4638;;;;;;;;;;;;;;;;
ITAQUERA;;;;;;;;;;;;;;;;;17.9382;11.3788;;;;;;;;;;;;;17.9382;11.3788;;;;;;;;;;;;;;;;
JACAREÍ;;;;;;;;;;;;;;;;;21.2439;16.7126;23.563;12.4177;;;;;;;8.18033;31.5285;;;18.8041;19.7906;;;;;;;;;;;;;;;;
JARDIM ENCANTADO;;;;;;;;;;;;;;;;;14.6805;8.03076;866.425;299.87;254.76;419.263;;;;;;;;;;;;;;;;;;;;;;;;;;
JARDIM PROFETA;;;;;;;;;;;;;;;;;46.4637;37.4886;44.6328;36.1696;;;;;;;;;;;;;;;53.5702;43.3117;;;;;;;;;;;;
JAÚ;;;;;;;;;;;;;;;;;22.6664;9.95673;25.1808;11.103;;;;;;;;;;;18.9563;6.35792;;;;;;;;;;;;;;;;
JUNDIAÍ;;;;;;;;;;;;;;;;;24.4597;11.4379;19.4923;8.8606;25.5947;10.2815;;;;;12.0667;3.23454;;;24.6932;12.9321;;;;;;;;;;;;;;;;
LAMARÃO;0.035757;0.242618;;;;;169.303;82.2459;0.495361;4.51463;;;;;;;10.1921;18.7202;;;;;;;14.5083;76.2064;5.0306;19.0804;18.4929;78.0979;21.8268;16.7573;1.00875;0.00266962;;;148.932;209.375;1.60465;11.8407;24.9636;3.61003;78.5263;13.6619;;;1.75031;1.44078
LEANDRINHO;;;1.61391;0.531473;;;148.536;73.9056;1.13578;3.06124;;;1.87259;0.62042;;;8.13151;13.6147;15.8562;11.8339;7.10341;9.99115;;;2.39511;5.99195;6.39693;3.89958;8.63133;4.48078;;;;;;;;;2.91952;19.6592;;;;;;;1.41796;1.01658
LAGOA TRINDADE RODRIGUES;;;;;;;;;;;;;;;;;20.3102;12.996;37.6627;127.642;;;;;;;;;;;;;;;40.1247;96.4968;;;;;;;;;;;;
LIMEIRA;;;;;;;;;;;;;;;;;30.726;14.1338;37.3286;15.0262;24.3034;8.88821;;;;;9.83333;2.46419;;;24.0798;9.15064;;;;;;;;;;;;;;;;
LOBO LEITE;;;;;0.143829;0.338128;;;;;;;;;;;15.3461;25.914;35.3069;34.7684;27.1043;131.244;;;;;;;;;;;;;78.5569;69.8138;;;;;;;;;;;;
MACHADINHO;0.0311874;0.505189;;;0.205316;0.65653;151.267;59.9134;;;;;;;;;8.89563;14.9916;;;;;1.52172;5.34475;5.0418;6.70278;5.59981;4.58466;10.5357;8.95257;25.6254;18.81;1.64246;25.0127;;;182.962;273.709;0.753933;6.42044;24.5621;3.76025;78.8414;13.673;;;1.22798;1.06843
MAJOR LAGE;;;;;;;;;;;;;;;;;12.7966;12.358;12.7189;40.0356;2.23217;37.9883;;;;;;;;;;;;;37.1661;38.4193;;;;;;;;;;;;
MARG.TIETÊ-PTE REMÉDIOS;;;;;3.0;0.0;;;;;;;;;;;29.6571;17.7425;21.7293;12.7668;31.1306;18.0363;;;;;14.8456;5.50652;;;;;;;;;;;8.26667;17.7744;;;;;;;;
MARÍLIA;;;;;;;;;;;;;;;;;23.5337;8.85287;28.5856;10.1321;;;;;;;;;;;21.7714;7.60873;;;;;;;;;;;;;;;;
MAUÁ;;;;;;;;;;;;;;;;;27.5917;14.5344;27.9809;13.0446;33.207;17.4679;;;;;;;;;21.7477;12.0923;;;;;;;;;;;;;;;;
MOOCA;;;;;1.0;0.0;;;;;;;;;;;25.8536;11.9755;;;28.0606;12.1337;;;;;;;;;23.4975;11.3323;;;;;;;;;;;;;;;;
N.SENHORA DO Ó;;;;;;;;;;;;;;;;;22.5175;11.072;23.0438;10.9183;;;;;;;;;;;21.5161;11.2911;;;;;;;;;;;;;;;;
NOVO PLATAFORMA;;;;;;;;;;;;;;;;;17.6306;14.9563;30.5013;66.551;14.6568;75.5089;;;;;;;;;;;;;44.7519;64.8693;;;;;;;;;;;;
OSASCO;;;;;4.5;1.5;;;;;;;;;;;32.6128;17.3797;28.9993;14.1609;35.2746;18.8807;;;;;14.5652;5.99874;;;;;;;;;;;2.0;0.0;;;;;;;;
PETROSIX;;;;;0.829989;0.768234;;;;;;;;;;;10.2413;16.7439;12.7523;18.6702;;;;;;;3.8543;2.8615;;;19.2972;9.45113;;;19.7629;27.5165;;;1.21874;2.03739;;;;;;;;
PONTA GROSSA;;;;;;;;;;;;;;;;;22.6333;77.9651;985.0;6.82121e-12;;;;;;;8.35374;5.62681;;;12.8845;7.72389;;;464.317;472.67;;;;;;;;;;;;
PUC BARREIRO;;;;;0.86119;1.26757;;;;;;;;;;;14.229;15.0182;34.8407;99.8217;43.1636;158.836;;;;;;;;;;;;;;;;;;;;;;;;;;
PUC SÃO GABRIEL;;;;;1.06925;1.61505;;;;;;;;;;;13.5163;19.5217;75.5929;214.151;91.7411;272.582;;;;;;;;;;;;;;;;;;;;;;;;;;
PANORAMA;;;;;;;;;;;;;;;;;12.4334;11.1711;17.0899;30.6228;10.6535;27.9867;;;;;;;;;;;;;39.5933;43.1769;;;;;;;;;;;;
PARQUE D.PEDRO II;;;;;;;;;;;;;;;;;28.0222;14.9088;32.044;17.356;27.7813;13.4663;;;;;11.6667;2.86744;;;23.6555;11.8682;;;;;;;;;;;;;;;;
PARÁ;;;;;;;;;;;;;;;;;12.6451;10.4544;17.2958;12.3605;7.20452;4.7907;;;;;;;;;;;;;30.0537;29.8176;;;;;;;;;;;;
PAULÍNIA-STA TEREZINHA;;;;;;;;;;;;;;;;;29.7131;15.4974;30.8163;12.7251;24.6233;8.71722;;;;;;;;;30.0915;21.8145;;;;;;;31.2286;31.3126;;;;;;;;
PAULÍNIA;;;;;;;;;;;;;;;;;24.9007;10.1024;24.8296;10.0195;;;;;;;;;;;25.1678;10.3641;;;;;;;10.0;0.0;;;;;;;;
PEDRA DE GUARATIBA;;;;;;;157.584;92.6955;;;;;;;;;39.0428;25.7649;36.0016;23.3467;;;;;;;;;;;42.4192;28.3492;1.3519;0.0168074;;;145.6;223.771;;;26.5397;3.5198;;;65.1549;29.4561;0.669386;0.377065
PERUS;;;;;;;;;;;;;;;;;29.9172;13.6816;33.0336;13.2602;29.0455;11.6698;;;;;;;;;26.7153;15.1059;;;;;;;;;;;;;;;;
PETROVALE;;;;;0.790953;0.770633;;;;;;;;;;;9.94228;21.9178;20.2089;44.7533;35.9423;146.11;;;;;;;;;;;;;;;;;;;;;;;;;;
PICO DO JARAGUÁ;;;;;;;;;;;;;;;;;23.0882;12.1117;;;19.1909;8.28412;;;;;8.51852;3.08365;;;25.0592;13.1438;;;;;;;;;;;;;;;;
PINHEIROS;;;;;4.70833;2.45763;;;;;;;;;;;25.6282;15.1488;22.2981;11.257;33.174;15.417;;;;;14.0281;14.0462;;;20.1147;14.4689;;;;;;;;;;;;;;;;
PIRACICABA;;;;;;;;;;;;;;;;;27.3994;11.9199;29.7454;12.5955;19.5282;8.74809;;;;;;;;;23.2337;8.25259;;;;;;;;;;;;;;;;
PIRATININGA;;;;;0.643546;0.414076;;;;;;;;;;;8.34907;22.9301;29.6689;52.0294;20.9837;93.9111;;;;;;;;;;;;;;;;;;;;;;;;;;
PRESIDENTE PRUDENTE;;;;;;;;;;;;;;;;;22.0428;8.93528;26.5416;10.354;;;;;;;13.8095;7.5946;;;19.3786;6.62939;;;;;;;;;;;;;;;;
RAMQAR 1 - LARANJEIRAS;;;;;1.27793;0.444145;;;;;;;;;;;6.80353;7.45802;;;;;;;;;3.90421;2.24116;;;15.0605;7.17675;;;;;;;;;;;;;;;;
RAMQAR 2 - CARAPINA;;;;;;;;;;;;;;;;;15.3086;5.52942;15.3086;5.52942;;;;;;;;;;;;;;;;;;;;;;;;;;;;
RAMQAR 3 - JARDIM CAMBURI;;;;;;;;;;;;;;;;;4.14296;3.83114;;;;;;;;;3.49306;2.00882;;;;;;;;;;;5.04417;5.29502;;;;;;;;
RAMQAR 4 - ENSEADA DO SUÁ;;;;;;;;;;;;;;;;;10.2071;7.71312;13.6999;5.04606;;;;;;;4.21325;3.31912;;;17.8332;6.63495;;;;;;;7.79222;6.83577;;;;;;;;
RAMQAR 5 - VITÓRIA - CENTRO;;;;;2.02263;0.948256;;;;;;;;;;;6.2835;5.7673;15.1701;6.56638;;;;;;;;;;;;;;;;;;;7.54493;4.87912;;;;;;;;
RAMQAR 6 - VILA VELHA - IBES;;;;;1.49659;0.559493;;;;;;;;;;;9.26267;8.30684;16.2056;5.43689;;;;;;;3.18966;2.28657;;;17.495;7.38012;;;;;;;8.87255;6.41238;;;;;;;;
RAMQAR 8 - VILA CAPIXABA;;;;;1.38322;0.604966;;;;;;;;;;;3.09616;2.57921;;;;;;;;;4.84503;2.64883;;;;;;;;;;;;;;;;;;;;
RAMQAR 9 - CIDADE CONTINENTAL;;;;;;;;;;;;;;;;;1.70587;3.4629;;;;;;;;;1.55831;1.25214;;;;;;;;;;;2.86414;9.60724;;;;;;;;
REPAR;;;;;0.838323;0.319991;;;;;;;;;;;12.1047;15.7031;11.3907;10.5604;10.5711;10.1825;;;;;8.65727;7.8851;;;32.9065;13.9767;;;;;;;3.39001;9.09193;;;;;;;;
RIO GRANDE/MOVEL;;;;;1.71045;0.621674;;;;;;;;;;;20.4313;24.1673;30.0227;29.0978;;;;;;;11.5723;7.99679;;;43.5367;22.2779;;;;;;;17.4765;9.18553;;;;;;;;
RIBEIRÃO PRETO;;;;;;;;;;;;;;;;;31.5995;16.2536;38.548;18.1849;31.4897;17.8375;;;;;;;;;23.7875;7.64114;;;;;;;;;;;;;;;;
RIO CLARO-JD.GUANABARA;;;;;;;;;;;;;;;;;35.7183;18.8086;41.9082;19.5828;25.1001;11.5062;;;;;;;;;23.9852;9.12816;;;;;;;;;;;;;;;;
S.ANDRÉ-CAPUAVA;;;;;;;;;;;;;;;;;25.2458;12.7608;27.0271;12.0583;;;;;;;21.5;7.5;;;22.3248;13.4886;;;;;;;16.6538;3.95755;;;;;;;;
S.BERNARDO-CENTRO;;;;;;;;;;;;;;;;;25.3513;13.3188;;;26.5112;11.5365;;;;;12.375;3.03881;;;23.9526;15.1123;;;;;;;;;;;;;;;;
S.BERNARDO-PAULICÉIA;;;;;;;;;;;;;;;;;19.8618;10.9009;19.8618;10.9009;;;;;;;;;;;;;;;;;;;;;;;;;;;;
S.JOSÉ CAMPOS-JD.SATELITE;;;;;;;;;;;;;;;;;21.719;8.92076;23.4109;8.04111;25.314;10.1582;;;;;6.26389;2.24223;;;19.8956;7.86699;;;;;;;;;;;;;;;;
S.JOSÉ CAMPOS;;;;;;;;;;;;;;;;;21.3108;8.2033;21.017;8.21663;;;;;;;3.01695;2.52775;;;21.6949;8.06177;;;;;;;21.6154;14.2642;;;;;;;;
SAAE;;;;;;;;;;;;;;;;;49.9284;42.4034;64.9102;126.704;;;;;;;;;;;;;;;;;;;;;;;;;;;;
SENAC VALE DO AÇO;;;;;;;;;;;;;;;;;25.0605;20.0514;63.9982;168.06;34.0343;137.335;;;;;;;;;;;;;;;;;;;;;;;;;;
SENAI/CFP;;;;;;;;;;;;;;;;;27.4009;26.1658;46.4982;132.307;;;;;;;;;;;;;;;62.4734;115.406;;;;;;;;;;;;
SANTA GERTRUDES;;;;;;;;;;;;;;;;;44.3541;21.9771;44.5617;22.0948;36.1686;14.4842;;;;;;;;;;;;;;;;;;;;;;;;;;
SANTANA;;;;;;;;;;;;;;;;;25.4808;13.3749;;;28.147;13.7925;;;;;;;;;19.7686;10.3438;;;;;;;;;;;;;;;;
SANTO AMARO;;;;;3.21429;1.52027;;;;;;;;;;;20.34;10.6965;20.1635;10.6029;;;;;;;;;;;20.8501;10.7433;;;;;;;;;;;;;;;;
SANTOS-PONTA DA PRAIA;;;;;;;;;;;;;;;;;21.9403;10.6179;24.731;12.1234;20.1768;8.95732;;;;;10.2297;2.03049;;;18.7438;7.96952;;;;;;;21.4633;3.00474;;;;;;;;
SANTOS;;;;;;;;;;;;;;;;;18.4185;7.87098;19.2234;8.29965;;;;;;;;;;;16.01;5.93497;;;;;;;;;;;;;;;;
SAPO;;;;;;;;;;;;;;;;;14.9755;8.55255;34.644;122.165;40.7878;168.59;;;;;;;;;;;;;72.9045;201.584;;;;;;;;;;;;
SOROCABA;;;;;;;;;;;;;;;;;20.4552;8.56034;22.1934;9.58288;;;;;;;9.55556;1.49897;;;17.7857;5.69727;;;;;;;;;;;;;;;;
SÃO CAETANO DO SUL;;;;;1.8125;1.1302;;;;;;;;;;;25.697;12.6273;23.1064;10.9318;28.7799;13.0212;;;;;38.3077;32.1089;;;22.4333;11.282;;;;;;;;;;;;;;;;
SÃO CRISTÓVÃO;71.6145;88.3611;;;;;195.29;68.5251;;;;;;;;;30.2846;23.8411;36.4941;25.08;;;;;;;;;;;24.9376;22.8461;1.35117;0.00561978;;;118.879;191.61;;;19.3821;12.172;;;27.9345;35.1548;0.237134;0.165864
SÃO DOMINGOS;;;;;;;;;;;;;;;;;;;;;;;;;;;;;;;;;;;64.8674;168.387;;;;;;;;;;;;
SÃO JOSÉ DO RIO PRETO;;;;;;;;;;;;;;;;;30.0513;15.4662;34.2039;14.8711;25.796;18.2943;;;;;9.5;3.5;;;23.6231;12.6889;;;;;;;;;;;;;;;;
SÉRGIO ULHOA;;;;;;;;;;;;;;;;;23.8553;24.74;58.2732;164.569;64.2355;216.455;;;;;;;;;;;;;;;;;;;;;;;;;;
TRIUNFO/POLO PETROQUÍMICO/MÓVEL;;;;;0.0599587;0.0873427;;;;;;;;;;;6.54906;7.86118;37.908;12.1873;;;;;;;7.05522;5.62444;;;13.5296;9.88969;;;;;;;0.646567;0.857845;;;;;;;;
TABOÃO DA SERRA;;;;;4.37607;3.18578;;;;;;;;;;;21.9487;13.6124;22.2076;13.5449;;;;;;;;;;;;;;;;;;;;;;;;;;;;
TATUÍ;;;;;;;;;;;;;;;;;21.48;9.81173;25.6133;12.0819;;;;;;;;;;;19.1829;7.34009;;;;;;;;;;;;;;;;
TAUBATÉ;;;;;;;;;;;;;;;;;21.7639;9.41698;24.9904;9.73122;19.906;8.39708;;;;;15.625;5.02338;;;21.6387;9.58506;;;;;;;;;;;;;;;;
TIJUCA;107.103;217.385;;;0.851778;14.7053;205.818;69.0266;;;;;;;;;32.1037;22.2986;28.2262;17.7759;;;;;12.293;12.9946;35.9686;26.4003;47.9678;33.6061;32.7672;25.1031;1.35076;0.00540452;;;148.676;246.659;-9.999;3.55271e-15;28.1135;5.58052;;;64.6862;20.9263;0.153705;0.101019
VENEZA;;;;;0.33168;0.275647;;;;;;;;;;;11.7571;14.1801;24.5386;15.5938;14.5779;62.6794;;;;;;;;;;;;;46.0014;27.509;;;;;;;;;;;;
